Faces,'Laptop X 1','Rpi X 1','Edison X 1','Rpi X 2','Edison X 2'
1,0.1258540154,10.4831829071,9.3304629326,8.9152243137,8.7592530251
4,0.1174788475,9.4109220505,8.6064770222,7.923607111,7.7901568413
16,0.1273319721,9.9280719757,8.7346401215,8.1864910126,11.3275868893
64,0.2123951912,14.6374640465,12.1016039848,11.9854099751,11.5065522194
256,0.432185173,24.3450808525,20.0469641685,19.3154273033,17.6978869438
